# Rate a, "Throughput: dbsrv_2"
10.0, 14.91525423728813
30.0, 13.30841121495327
50.0, 12.204163102366687
70.0, 11.39770425388251
90.0, 10.7824183840963
110.0, 10.29726874905688
130.0, 9.904761904761896
150.0, 9.580578736317332
170.0, 9.3082467471684
190.0, 9.076206812055869
210.0, 8.876105558351906
