# Rate a, "Throughput: dbsrv_2"
1.0, 0.953436807095344
2.0, 1.0027766709831656
3.0, 1.0456709575030856
4.0, 1.082613390928726
5.0, 1.1143561958237997
6.0, 1.1416747809152872
7.0, 1.1652736784040199
8.0, 1.185758297157261
9.0, 1.2036350306471277
10.0, 1.2193220679943673
