# Rate a, "Throughput: book_c"
10.0, 9.812667261373777
30.0, 9.812667261373774
50.0, 9.81266726137377
70.0, 9.812667261373775
90.0, 9.81266726137377
110.0, 9.812667261373772
130.0, 9.81266726137377
150.0, 9.81266726137377
170.0, 9.812667261373772
190.0, 9.812667261373772
210.0, 9.812667261373777
