# Rate a, "Throughput: cycling"
1.0, 0.9703906444389153
2.0, 0.9703906444389152
3.0, 0.9703906444389151
4.0, 0.9703906444389152
5.0, 0.9703906444389149
6.0, 0.9703906444389151
7.0, 0.970390644438915
8.0, 0.9703906444389152
9.0, 0.9703906444389151
10.0, 0.9703906444389154
