# Rate a, "Throughput: dbsrv_2"
10.0, 9.812667261373774
30.0, 9.812667261373775
50.0, 9.81266726137377
70.0, 9.81266726137378
90.0, 9.81266726137377
110.0, 9.812667261373777
130.0, 9.812667261373772
150.0, 9.812667261373791
170.0, 9.812667261373766
190.0, 9.812667261373777
210.0, 9.812667261373782
