# Rate a, "Throughput: dbsrv_1"
10.0, 9.81266726137377
30.0, 27.291812456263127
50.0, 41.09589041095889
70.0, 51.53746210480728
90.0, 59.35439083651508
110.0, 65.2358090934764
130.0, 69.71321986477034
150.0, 73.17073170731706
170.0, 75.88031079517275
190.0, 78.03427276589717
210.0, 79.76963607401056
