# Rate a, "Throughput: workerC"
1.0, 0.9703906444389153
2.0, 0.9703906444389151
3.0, 0.9703906444389148
4.0, 0.9703906444389151
5.0, 0.9703906444389152
6.0, 0.970390644438915
7.0, 0.9703906444389152
8.0, 0.9703906444389152
9.0, 0.9703906444389145
10.0, 0.9703906444389153
