# Rate a, "Throughput: dbsrv_1"
1.0, 0.9999999304186588
2.0, 1.9999263326214478
3.0, 2.9938420677599096
4.0, 3.8993059357175714
5.0, 4.474677696112668
6.0, 4.687554725413806
7.0, 4.743375706705365
8.0, 4.756966606029325
9.0, 4.760459012316849
10.0, 4.7614403268147845
