# Rate a_1, "Throughput: serve_2"
1.0, 0.9999992791038558
2.0, 0.9998993791046843
3.0, 0.9970849490852616
4.0, 0.9747829792933612
5.0, 0.906976746135467
6.0, 0.8061574137840113
7.0, 0.7065208829604023
8.0, 0.6226539456924053
9.0, 0.5547858424312161
10.0, 0.49972519084532085
