# Rate a_1, "Throughput: serve_2"
1.0, 0.7142857142857142
2.0, 0.6250000000000001
3.0, 0.5555555555555556
4.0, 0.5
5.0, 0.4545454545454549
6.0, 0.41666666666666674
7.0, 0.38461538461538464
8.0, 0.357142857142857
9.0, 0.3333333333333333
10.0, 0.3124999999999997
