# Rate a_1, "Throughput: serve_1"
1.0, 0.8333333333333333
2.0, 1.153846153846154
3.0, 1.4285714285714284
4.0, 1.6666666666666665
5.0, 1.875
6.0, 2.058823529411765
7.0, 2.2222222222222223
8.0, 2.3684210526315788
9.0, 2.5
10.0, 2.619047619047619
