# Rate a_1, "Throughput: serve_1"
1.0, 0.9999999999999918
2.0, 1.499999999963389
3.0, 1.9999999868058596
4.0, 2.499998807906534
5.0, 2.999956125136237
6.0, 3.499161712982129
7.0, 3.990690765429321
8.0, 4.438568761406216
9.0, 4.761904761904762
10.0, 4.921878050958217
