# Rate a_1, "Throughput: serve_2"
1.0, 0.9999999999998609
2.0, 0.9999999894446975
3.0, 0.9999824499774989
4.0, 0.9975159958359926
5.0, 0.9518072289156547
6.0, 0.8294721727998068
7.0, 0.7140241346944196
8.0, 0.6249787942197927
9.0, 0.5555534034950897
10.0, 0.49999973177896384
