# Rate a_1, "Throughput: serve_1"
1.0, 0.9999999999998571
2.0, 1.9999999788893854
3.0, 2.9999473499324907
4.0, 3.990063983343958
5.0, 4.759036144578315
6.0, 4.976833036798934
7.0, 4.998168942860885
8.0, 4.999830353758198
9.0, 4.999980631455865
10.0, 4.999997317789541
