# Rate a_1, "Throughput: serve_2"
1.0, 0.9210526315789473
2.0, 0.8510638297872344
3.0, 0.7758620689655175
4.0, 0.7042253521126763
5.0, 0.6395348837209305
6.0, 0.5825242718446608
7.0, 0.5327868852459013
8.0, 0.48951048951048914
9.0, 0.4518072289156629
10.0, 0.41884816753926624
