# Rate a_1, "Throughput: serve_1"
1.0, 0.9210526315789473
2.0, 1.702127659574468
3.0, 2.327586206896551
4.0, 2.8169014084507036
5.0, 3.197674418604651
6.0, 3.49514563106796
7.0, 3.729508196721312
8.0, 3.916083916083916
9.0, 4.066265060240963
10.0, 4.188481675392671
