# Rate a, "Throughput: dbsrv_1"
1.0, 0.9999999965608926
2.0, 1.461640496289668
3.0, 1.9224679312592374
4.0, 2.382187735149453
5.0, 2.8398138123853895
6.0, 3.290702974570144
7.0, 3.7193986485794404
8.0, 4.093959307551685
9.0, 4.378702751899963
10.0, 4.562413537282785
