# Rate a, "Throughput: dbsrv_2"
1.0, 0.999999996560896
2.0, 1.0767184101313758
3.0, 1.1550455284604213
4.0, 1.2353045127895739
5.0, 1.317156781590808
6.0, 1.3977974666581081
7.0, 1.4682628422620525
8.0, 1.5118817355121417
9.0, 1.5131718854068017
10.0, 1.4719396870886785
