# Rate a_1, "Throughput: serve_1"
1.0, 0.9999992791038554
2.0, 1.999798758209365
3.0, 2.9912548472557803
4.0, 3.8991319171734453
5.0, 4.534883730677338
6.0, 4.836944482704058
7.0, 4.945646180722794
8.0, 4.9812315655392725
9.0, 4.993072581880956
10.0, 4.997251908453232
