# Rate a_1, "Throughput: serve_1"
1.0, 0.9999999180799984
2.0, 1.499993799844017
3.0, 1.9998741656021228
4.0, 2.498778700537371
5.0, 2.9927176386875503
6.0, 3.469741795281143
7.0, 3.9060285696803776
8.0, 4.271338209026646
9.0, 4.545454545454544
10.0, 4.730184289876926
