# Rate a_1, "Throughput: arrive_1"
1.0, 0.9999999180799983
2.0, 1.9999917331253554
3.0, 2.999811248403183
4.0, 3.9980459208597945
5.0, 4.987862731145919
6.0, 5.94812879191053
7.0, 6.835549996940662
8.0, 7.5934901493807025
9.0, 8.181818181818182
10.0, 8.600335072503501
