# Rate a_1, "Throughput: arrive_1"
1.0, 0.8333333333333333
2.0, 1.5384615384615385
3.0, 2.1428571428571423
4.0, 2.6666666666666665
5.0, 3.125
6.0, 3.5294117647058822
7.0, 3.8888888888888893
8.0, 4.2105263157894735
9.0, 4.5
10.0, 4.761904761904762
