# Rate a_1, "Throughput: serve_1"
1.0, 0.7142857142857142
2.0, 1.25
3.0, 1.6666666666666665
4.0, 2.0
5.0, 2.2727272727272725
6.0, 2.5
7.0, 2.692307692307692
8.0, 2.8571428571428577
9.0, 3.0
10.0, 3.125
