# Rate a_1, "Throughput: arrive_2"
1.0, 0.9999999999999916
2.0, 0.9999999999755924
3.0, 0.9999999934029303
4.0, 0.9999995231626143
5.0, 0.9999853750454126
6.0, 0.9997604894234654
7.0, 0.9976726913573303
8.0, 0.9863486136458256
9.0, 0.9523809523809519
10.0, 0.8948869183560395
