# Rate a_1, "Throughput: arrive_1"
1.0, 0.9210526315789472
2.0, 1.702127659574468
3.0, 2.3275862068965516
4.0, 2.816901408450704
5.0, 3.197674418604651
6.0, 3.495145631067961
7.0, 3.7295081967213117
8.0, 3.9160839160839154
9.0, 4.066265060240963
10.0, 4.188481675392671
