# Rate a_1, "Throughput: serve_1"
1.0, 0.9987707437000611
2.0, 1.98051948051948
3.0, 2.881548974943052
4.0, 3.611940298507464
5.0, 4.130492854280752
6.0, 4.4642857142857135
7.0, 4.668212629325724
8.0, 4.790796323671188
9.0, 4.8649237472766895
10.0, 4.910542516352442
