# Rate a_1, "Throughput: serve_1"
1.0, 0.9997439836149513
2.0, 1.4974466385995393
3.0, 1.9876614613456713
4.0, 2.4603174603174596
5.0, 2.902121374865736
6.0, 3.2999962599917723
7.0, 3.644722005377742
8.0, 3.932898525052342
9.0, 4.166666666666666
10.0, 4.351963098186664
