# Rate a_1, "Throughput: serve_2"
1.0, 0.9987707437000619
2.0, 0.9902597402597413
3.0, 0.960516324981018
4.0, 0.9029850746268651
5.0, 0.826098570856151
6.0, 0.7440476190476221
7.0, 0.666887518475103
8.0, 0.5988495404588974
9.0, 0.5405470830307406
10.0, 0.4910542516352454
