# Rate a, "Throughput: book_c"
10.0, 9.090909090909092
30.0, 9.09090909090909
50.0, 9.09090909090909
70.0, 9.09090909090909
90.0, 9.09090909090909
110.0, 9.09090909090909
130.0, 9.09090909090909
150.0, 9.090909090909088
170.0, 9.090909090909093
190.0, 9.09090909090909
210.0, 9.09090909090909
