# Rate a, "Throughput: book_c"
1.0, 0.8333333333333331
2.0, 0.8333333333333335
3.0, 0.8333333333333334
4.0, 0.8333333333333333
5.0, 0.8333333333333335
6.0, 0.8333333333333335
7.0, 0.8333333333333335
8.0, 0.8333333333333333
9.0, 0.8333333333333333
10.0, 0.8333333333333333
