# Rate a, "Throughput: dbsrv_1"
10.0, 9.090909090909092
30.0, 23.076923076923073
50.0, 33.333333333333336
70.0, 41.17647058823529
90.0, 47.368421052631575
110.0, 52.38095238095238
130.0, 56.521739130434774
150.0, 59.999999999999986
170.0, 62.962962962962976
190.0, 65.51724137931035
210.0, 67.74193548387096
