# Rate a, "Throughput: dbsrv_1"
1.0, 0.8333333333333333
2.0, 1.4285714285714288
3.0, 1.875
4.0, 2.222222222222222
5.0, 2.5000000000000004
6.0, 2.7272727272727275
7.0, 2.9166666666666674
8.0, 3.0769230769230766
9.0, 3.2142857142857144
10.0, 3.333333333333333
