# Rate a, "Throughput: book_c"
1.0, 0.9534368070953436
2.0, 0.9350252764219543
3.0, 0.9181214365485214
4.0, 0.9028887688984882
5.0, 0.8892819598574332
6.0, 0.877166723685711
7.0, 0.8663803132458934
8.0, 0.8567602576669934
9.0, 0.8481567678007667
10.0, 0.8404370348018507
