# Rate a, "Throughput: dbsrv_1"
10.0, 14.91525423728813
30.0, 24.82242990654205
50.0, 31.593954947248346
70.0, 36.515867656988526
90.0, 40.25533467080066
110.0, 43.19299834012374
130.0, 45.56190476190476
150.0, 47.51273436653301
170.0, 49.1472432837218
190.0, 50.53663317814261
210.0, 51.73222118357662
