# Rate a, "Throughput: dbsrv_1"
1.0, 0.9534368070953438
2.0, 1.3415336437892218
3.0, 1.6834185622759064
4.0, 1.9812365010799136
5.0, 2.239727375655629
6.0, 2.4642150670631686
7.0, 2.65974050419465
8.0, 2.830748494608599
9.0, 2.9810263448789316
10.0, 3.1137472339569507
