# Rate a, "Throughput: book_a"
1.0, 0.9584664536741214
2.0, 1.763224181360201
3.0, 2.3904382470119523
4.0, 2.866242038216561
5.0, 3.225806451612904
6.0, 3.4994697773064694
7.0, 3.710247349823321
8.0, 3.8748137108792844
9.0, 4.005085823267642
10.0, 4.109589041095888
