# Rate a, "Throughput: book_c"
1.0, 0.9584664536741214
2.0, 0.9584664536741213
3.0, 0.9584664536741213
4.0, 0.9584664536741214
5.0, 0.9584664536741218
6.0, 0.9584664536741213
7.0, 0.9584664536741213
8.0, 0.9584664536741213
9.0, 0.9584664536741213
10.0, 0.9584664536741212
