# Rate a, "Throughput: dbsrv2"
1.0, 0.9703906444389153
2.0, 0.970390644438915
3.0, 0.9703906444389148
4.0, 0.9703906444389151
5.0, 0.9703906444389149
6.0, 0.9703906444389152
7.0, 0.9703906444389154
8.0, 0.9703906444389149
9.0, 0.970390644438914
10.0, 0.9703906444389155
