# Rate a, "Throughput: dbsrv_2"
1.0, 0.9584664536741214
2.0, 0.9584664536741215
3.0, 0.9584664536741216
4.0, 0.9584664536741218
5.0, 0.9584664536741211
6.0, 0.958466453674121
7.0, 0.9584664536741213
8.0, 0.9584664536741209
9.0, 0.9584664536741215
10.0, 0.9584664536741213
