# Rate a, "Throughput: dbsrv1"
1.0, 0.9703906444389152
2.0, 1.8308342308010934
3.0, 2.5515650287524534
4.0, 3.138652563807772
5.0, 3.6115472883198447
6.0, 3.9918116683725695
7.0, 4.298686075196388
8.0, 4.547922070088667
9.0, 4.751922648604031
10.0, 4.920289023970639
