# Rate a, "Throughput: worker_c"
1.0, 0.9584664536741213
2.0, 0.9584664536741212
3.0, 0.9584664536741216
4.0, 0.9584664536741214
5.0, 0.9584664536741214
6.0, 0.9584664536741212
7.0, 0.9584664536741214
8.0, 0.9584664536741214
9.0, 0.9584664536741215
10.0, 0.9584664536741214
