# Rate a, "Throughput: dbsrv_2"
1.0, 0.9999999304186569
2.0, 0.9999631663107268
3.0, 0.9979473559199734
4.0, 0.9748264839293973
5.0, 0.89493553922254
6.0, 0.7812591209022938
7.0, 0.6776251009578987
8.0, 0.5946208257536656
9.0, 0.5289398902574397
10.0, 0.4761440326814893
