# Rate a, "Throughput: dbsrv_3"
1.0, 0.9999999965608932
2.0, 1.4616404962896734
3.0, 1.922467931259236
4.0, 2.382187735149452
5.0, 2.8398138123853887
6.0, 3.2907029745701455
7.0, 3.719398648579443
8.0, 4.093959307551687
9.0, 4.378702751899972
10.0, 4.562413537282798
