# Rate a, "Throughput: queue_d"
1.0, 0.9999999965608963
2.0, 0.9999998506776884
3.0, 0.9999962781957766
4.0, 0.9999466638480753
5.0, 0.9995406294802204
6.0, 0.9974004269748173
7.0, 0.9896733488245724
8.0, 0.9699800350615694
9.0, 0.9336888535643145
10.0, 0.8830638968046365
