# Rate a_1, "Throughput: arrive_1"
1,0.833333333
2,1.538461538
3,2.142857143
4,2.666666667
5,3.125
6,3.529411765
7,3.888888889
8,4.210526316
9,4.5
10,4.761904762
