# Rate a_1, "Throughput: serve_1"
1.0, 0.9677419354838709
2.0, 1.4028776978417268
3.0, 1.7948717948717947
4.0, 2.1428571428571423
5.0, 2.4489795918367343
6.0, 2.71689497716895
7.0, 2.9508196721311477
8.0, 3.1549815498154983
9.0, 3.333333333333333
10.0, 3.489425981873112
