# Rate a, "Throughput: dbsrv_2"
1.0, 0.8333333333333333
2.0, 0.8333333333333336
3.0, 0.8333333333333334
4.0, 0.8333333333333334
5.0, 0.8333333333333337
6.0, 0.8333333333333335
7.0, 0.8333333333333335
8.0, 0.8333333333333331
9.0, 0.8333333333333335
10.0, 0.833333333333333
